customer_id,name,phone,email,room_no
100001,Michael Jackson,9846234515,michael.jackson@example.com,130
100002,Amelia Rodriguez,9877962125,amelia.rodriguez@example.com,107
100003,Ethan Martinez,9830497114,ethan.martinez@example.com,197
100004,Benjamin Williams,9828131650,benjamin.williams@example.com,173
100005,John Martin,9859801577,john.martin@example.com,105
100006,David Garcia,9854804880,david.garcia@example.com,114
100007,John Jones,9836463523,john.jones@example.com,136
100008,Emma Martinez,9887555890,emma.martinez@example.com,158
100009,Liam Gonzalez,9836840570,liam.gonzalez@example.com,140
100010,John Miller,9850986844,john.miller@example.com,153
100011,Olivia Martinez,9871781772,olivia.martinez@example.com,163
100012,Olivia Williams,9894596960,olivia.williams@example.com,184
100013,Alice Williams,9858105791,alice.williams@example.com,168
100014,Alice Gonzalez,9851951009,alice.gonzalez@example.com,116
100015,Isabella Martinez,9878377331,isabella.martinez@example.com,142
100016,Alice Brown,9876819924,alice.brown@example.com,178
100017,Alice Johnson,9853883021,alice.johnson@example.com,157
100018,Amelia Hernandez,9873948775,amelia.hernandez@example.com,159
100019,Daniel Garcia,9838329705,daniel.garcia@example.com,160
100020,David Lopez,9843808971,david.lopez@example.com,152
100021,Amelia Smith,9856410817,amelia.smith@example.com,137
100022,Alice Lopez,9851907127,alice.lopez@example.com,118
100023,Harper Lopez,9851008120,harper.lopez@example.com,190
100024,Alice Smith,9884838861,alice.smith@example.com,126
100025,Daniel Taylor,9873918225,daniel.taylor@example.com,112
100026,Alexander Taylor,9880119820,alexander.taylor@example.com,194
100027,James Garcia,9845953080,james.garcia@example.com,149
100028,Michael Garcia,9855801927,michael.garcia@example.com,200
100029,Mia Brown,9846873705,mia.brown@example.com,104
100030,Charlotte Brown,9834630977,charlotte.brown@example.com,129
100031,Charlotte Garcia,9851186537,charlotte.garcia@example.com,125
100032,Emma Taylor,9850307905,emma.taylor@example.com,124
100033,Ethan Martinez,9841030204,ethan.martinez@example.com,101
100034,Daniel Jackson,9847475472,daniel.jackson@example.com,172
100035,Benjamin Gonzalez,9840918179,benjamin.gonzalez@example.com,115
100036,Liam Rodriguez,9848370066,liam.rodriguez@example.com,193
100037,Amelia Lopez,9832638030,amelia.lopez@example.com,134
100038,James Taylor,9862280055,james.taylor@example.com,195
100039,William Miller,9844715710,william.miller@example.com,122
100040,Alexander Hernandez,9822599175,alexander.hernandez@example.com,148
100041,Alexander Thomas,9864102701,alexander.thomas@example.com,141
100042,Sarah Anderson,9895225818,sarah.anderson@example.com,132
100043,Alice Williams,9887231498,alice.williams@example.com,109
100044,Ethan Thomas,9826145841,ethan.thomas@example.com,131
100045,Ethan Martinez,9871110505,ethan.martinez@example.com,139
100046,Olivia Lopez,9885773447,olivia.lopez@example.com,119
100047,Michael Gonzalez,9853017912,michael.gonzalez@example.com,167
100048,James Johnson,9898816789,james.johnson@example.com,150
100049,Sophia Brown,9819741954,sophia.brown@example.com,120
100050,William Anderson,9899255238,william.anderson@example.com,133
100051,Olivia Garcia,9864517974,olivia.garcia@example.com,162
100052,Ethan Lopez,9868388467,ethan.lopez@example.com,188
100053,John Jones,9860558188,john.jones@example.com,147
100054,Michael Martin,9828554242,michael.martin@example.com,110
100055,Amelia Wilson,9810876759,amelia.wilson@example.com,192
100056,James Anderson,9870890823,james.anderson@example.com,183
100057,Liam Anderson,9838104821,liam.anderson@example.com,144
100058,Sophia Rodriguez,9832241156,sophia.rodriguez@example.com,196
100059,Alexander Davis,9825431823,alexander.davis@example.com,182
100060,Emma Johnson,9845872276,emma.johnson@example.com,143
100061,Emma Thomas,9861649938,emma.thomas@example.com,187
100062,Benjamin Brown,9811257277,benjamin.brown@example.com,181
100063,Michael Thomas,9831999968,michael.thomas@example.com,191
100064,Isabella Moore,9815787579,isabella.moore@example.com,171
100065,Benjamin Moore,9853399868,benjamin.moore@example.com,166
100066,Alexander Rodriguez,9861802954,alexander.rodriguez@example.com,177
100067,Alexander Rodriguez,9863262135,alexander.rodriguez@example.com,156
100068,Michael Davis,9831201068,michael.davis@example.com,179
100069,Benjamin Garcia,9861603013,benjamin.garcia@example.com,146
100070,Sophia Martinez,9867228235,sophia.martinez@example.com,102
100071,Sophia Taylor,9870630772,sophia.taylor@example.com,111
100072,Emma Williams,9855362146,emma.williams@example.com,164
100073,Alice Smith,9816168958,alice.smith@example.com,151
100074,Emma Martinez,9818228327,emma.martinez@example.com,138
100075,David Thomas,9855023122,david.thomas@example.com,198
100076,Michael Davis,9896741120,michael.davis@example.com,165
100077,Sophia Brown,9876267909,sophia.brown@example.com,176
100078,Isabella Davis,9833115816,isabella.davis@example.com,154
100079,Benjamin Wilson,9885267977,benjamin.wilson@example.com,117
100080,James Gonzalez,9855389001,james.gonzalez@example.com,106
100081,Amelia Rodriguez,9871706378,amelia.rodriguez@example.com,170
100082,Benjamin Jackson,9871806525,benjamin.jackson@example.com,180
100083,Olivia Jackson,9893324941,olivia.jackson@example.com,189
100084,Mia Martin,9897662269,mia.martin@example.com,175
100085,Sarah Smith,9810382176,sarah.smith@example.com,145
100086,Alexander Miller,9848584340,alexander.miller@example.com,127
100087,Mia Miller,9826688112,mia.miller@example.com,108
100088,Alexander Hernandez,9853224826,alexander.hernandez@example.com,135
100089,Liam Lopez,9838206629,liam.lopez@example.com,174
100090,Emma Hernandez,9893092237,emma.hernandez@example.com,121
100091,James Thomas,9841217988,james.thomas@example.com,103
100092,Harper Johnson,9868255562,harper.johnson@example.com,185
100093,Alexander Jones,9859608812,alexander.jones@example.com,199
100094,David Thomas,9885750598,david.thomas@example.com,128
100095,Charlotte Williams,9845384549,charlotte.williams@example.com,186
100096,Liam Smith,9887517934,liam.smith@example.com,113
100097,Ethan Thomas,9857531256,ethan.thomas@example.com,155
100098,Mia Garcia,9864635586,mia.garcia@example.com,161
100099,Benjamin Martinez,9851954136,benjamin.martinez@example.com,123
100100,Harper Lopez,9896385757,harper.lopez@example.com,169
